Seat Class,Row,Column,Seat Number,Availability Status,Price
DIAMOND,A,1,1,Available,150
DIAMOND,A,2,2,Available,150
DIAMOND,A,3,3,Available,150
DIAMOND,A,4,4,Available,150
DIAMOND,A,5,5,Available,150
DIAMOND,A,6,6,Available,150
DIAMOND,A,7,7,Available,150
DIAMOND,A,8,8,Available,150
DIAMOND,A,9,9,Available,150
DIAMOND,A,10,10,Available,150
DIAMOND,A,11,11,Available,150
DIAMOND,A,12,12,Available,150
DIAMOND,A,13,13,Available,150
DIAMOND,A,14,,Available,150
DIAMOND,A,15,,Available,150
DIAMOND,A,16,,Available,150
DIAMOND,A,17,,Available,150
DIAMOND,A,18,,Available,150
DIAMOND,A,19,,Available,150
DIAMOND,A,20,,Available,150
DIAMOND,A,21,,Available,150
DIAMOND,A,22,,Available,150
DIAMOND,A,23,,Available,150
DIAMOND,A,24,,Available,150
DIAMOND,A,25,,Available,150
DIAMOND,A,26,,Available,150
DIAMOND,A,27,,Available,150
DIAMOND,A,28,,Available,150
DIAMOND,A,29,,Available,150
DIAMOND,A,30,,Available,150
DIAMOND,B,1,1,Available,150
DIAMOND,B,2,2,Available,150
DIAMOND,B,3,3,Available,150
DIAMOND,B,4,4,Available,150
DIAMOND,B,5,5,Available,150
DIAMOND,B,6,6,Available,150
DIAMOND,B,7,7,Available,150
DIAMOND,B,8,8,Available,150
DIAMOND,B,11,9,Unavailable,150
DIAMOND,B,12,10,Unavailable,150
DIAMOND,B,13,11,Available,150
DIAMOND,B,14,,Unavailable,150
DIAMOND,B,15,,Unavailable,150
DIAMOND,B,16,,Unavailable,150
DIAMOND,B,17,,Unavailable,150
DIAMOND,B,18,,Available,150
DIAMOND,B,19,,Available,150
DIAMOND,B,22,,Available,150
DIAMOND,B,23,,Available,150
DIAMOND,B,24,,Available,150
DIAMOND,B,25,,Available,150
DIAMOND,B,26,,Available,150
DIAMOND,B,27,,Available,150
DIAMOND,B,28,,Available,150
DIAMOND,B,29,,Available,150
DIAMOND,C,1,1,Available,150
DIAMOND,C,2,2,Available,150
DIAMOND,C,3,3,Available,150
DIAMOND,C,4,4,Available,150
DIAMOND,C,5,5,Available,150
DIAMOND,C,6,6,Available,150
DIAMOND,C,7,7,Available,150
DIAMOND,C,8,8,Available,150
DIAMOND,C,11,9,Available,150
DIAMOND,C,12,10,Unavailable,150
DIAMOND,C,13,11,Unavailable,150
DIAMOND,C,14,,Available,150
DIAMOND,C,15,,Unavailable,150
DIAMOND,C,16,,Unavailable,150
DIAMOND,C,17,,Available,150
DIAMOND,C,18,,Available,150
DIAMOND,C,19,,Available,150
DIAMOND,C,22,,Available,150
DIAMOND,C,23,,Available,150
DIAMOND,C,24,,Available,150
DIAMOND,C,25,,Available,150
DIAMOND,C,26,,Available,150
DIAMOND,C,27,,Available,150
DIAMOND,C,28,,Available,150
DIAMOND,C,29,,Available,150
DIAMOND,D,1,1,Available,150
DIAMOND,D,2,2,Available,150
DIAMOND,D,3,3,Available,150
DIAMOND,D,4,4,Available,150
DIAMOND,D,5,5,Available,150
DIAMOND,D,6,6,Available,150
DIAMOND,D,7,7,Available,150
DIAMOND,D,8,8,Available,150
DIAMOND,D,11,9,Available,150
DIAMOND,D,12,10,Available,150
DIAMOND,D,13,11,Available,150
DIAMOND,D,14,,Unavailable,150
DIAMOND,D,15,,Unavailable,150
DIAMOND,D,16,,Unavailable,150
DIAMOND,D,17,,Unavailable,150
DIAMOND,D,18,,Unavailable,150
DIAMOND,D,19,,Unavailable,150
DIAMOND,D,22,,Available,150
DIAMOND,D,23,,Available,150
DIAMOND,D,24,,Available,150
DIAMOND,D,25,,Available,150
DIAMOND,D,26,,Available,150
DIAMOND,D,27,,Available,150
DIAMOND,D,28,,Available,150
DIAMOND,D,29,,Available,150
DIAMOND,E,1,1,Available,150
DIAMOND,E,2,2,Available,150
DIAMOND,E,3,3,Available,150
DIAMOND,E,4,4,Available,150
DIAMOND,E,5,5,Available,150
DIAMOND,E,6,6,Available,150
DIAMOND,E,7,7,Available,150
DIAMOND,E,8,8,Available,150
DIAMOND,E,11,9,Unavailable,150
DIAMOND,E,12,10,Unavailable,150
DIAMOND,E,13,11,Available,150
DIAMOND,E,14,,Available,150
DIAMOND,E,15,,Unavailable,150
DIAMOND,E,16,,Available,150
DIAMOND,E,17,,Available,150
DIAMOND,E,18,,Available,150
DIAMOND,E,19,,Unavailable,150
DIAMOND,E,22,,Available,150
DIAMOND,E,23,,Available,150
DIAMOND,E,24,,Available,150
DIAMOND,E,25,,Available,150
DIAMOND,E,26,,Available,150
DIAMOND,E,27,,Available,150
DIAMOND,E,28,,Available,150
DIAMOND,E,29,,Available,150
DIAMOND,F,1,1,Unavailable,150
DIAMOND,F,2,2,Unavailable,150
DIAMOND,F,3,3,Unavailable,150
DIAMOND,F,4,4,Unavailable,150
DIAMOND,F,5,5,Unavailable,150
DIAMOND,F,6,6,Unavailable,150
DIAMOND,F,7,7,Unavailable,150
DIAMOND,F,8,8,Unavailable,150
DIAMOND,F,11,9,Unavailable,150
DIAMOND,F,12,10,Unavailable,150
DIAMOND,F,13,11,Unavailable,150
DIAMOND,F,14,,Unavailable,150
DIAMOND,F,15,,Unavailable,150
DIAMOND,F,16,,Unavailable,150
DIAMOND,F,17,,Unavailable,150
DIAMOND,F,18,,Unavailable,150
DIAMOND,F,19,,Unavailable,150
DIAMOND,F,22,,Unavailable,150
DIAMOND,F,23,,Unavailable,150
DIAMOND,F,24,,Unavailable,150
DIAMOND,F,25,,Unavailable,150
DIAMOND,F,26,,Unavailable,150
DIAMOND,F,27,,Unavailable,150
DIAMOND,F,28,,Unavailable,150
DIAMOND,F,29,,Unavailable,150
DIAMOND,G,1,1,Unavailable,150
DIAMOND,G,2,2,Unavailable,150
DIAMOND,G,3,3,Unavailable,150
DIAMOND,G,4,4,Unavailable,150
DIAMOND,G,5,5,Unavailable,150
DIAMOND,G,6,6,Unavailable,150
DIAMOND,G,7,7,Unavailable,150
DIAMOND,G,8,8,Unavailable,150
DIAMOND,G,11,9,Unavailable,150
DIAMOND,G,12,10,Unavailable,150
DIAMOND,G,13,11,Unavailable,150
DIAMOND,G,14,,Unavailable,150
DIAMOND,G,15,,Unavailable,150
DIAMOND,G,16,,Unavailable,150
DIAMOND,G,17,,Unavailable,150
DIAMOND,G,18,,Unavailable,150
DIAMOND,G,19,,Unavailable,150
DIAMOND,G,22,,Unavailable,150
DIAMOND,G,23,,Unavailable,150
DIAMOND,G,24,,Unavailable,150
DIAMOND,G,25,,Unavailable,150
DIAMOND,G,26,,Unavailable,150
DIAMOND,G,27,,Unavailable,150
DIAMOND,G,28,,Unavailable,150
DIAMOND,G,29,,Unavailable,150
DIAMOND,H,1,1,Unavailable,150
DIAMOND,H,2,2,Unavailable,150
DIAMOND,H,3,3,Unavailable,150
DIAMOND,H,4,4,Unavailable,150
DIAMOND,H,5,5,Unavailable,150
DIAMOND,H,6,6,Unavailable,150
DIAMOND,H,7,7,Unavailable,150
DIAMOND,H,8,8,Unavailable,150
DIAMOND,H,11,9,Unavailable,150
DIAMOND,H,12,10,Unavailable,150
DIAMOND,H,13,11,Unavailable,150
DIAMOND,H,14,,Unavailable,150
DIAMOND,H,15,,Unavailable,150
DIAMOND,H,16,,Unavailable,150
DIAMOND,H,17,,Unavailable,150
DIAMOND,H,18,,Unavailable,150
DIAMOND,H,19,,Unavailable,150
DIAMOND,H,22,,Unavailable,150
DIAMOND,H,23,,Unavailable,150
DIAMOND,H,24,,Unavailable,150
DIAMOND,H,25,,Unavailable,150
DIAMOND,H,26,,Unavailable,150
DIAMOND,H,27,,Unavailable,150
DIAMOND,H,28,,Unavailable,150
DIAMOND,H,29,,Unavailable,150
DIAMOND,I,1,1,Unavailable,150
DIAMOND,I,2,2,Unavailable,150
DIAMOND,I,3,3,Unavailable,150
DIAMOND,I,4,4,Unavailable,150
DIAMOND,I,5,5,Unavailable,150
DIAMOND,I,6,6,Unavailable,150
DIAMOND,I,7,7,Unavailable,150
DIAMOND,I,8,8,Unavailable,150
DIAMOND,I,11,9,Unavailable,150
DIAMOND,I,12,10,Unavailable,150
DIAMOND,I,13,11,Unavailable,150
DIAMOND,I,14,,Unavailable,150
DIAMOND,I,15,,Unavailable,150
DIAMOND,I,16,,Unavailable,150
DIAMOND,I,17,,Unavailable,150
DIAMOND,I,18,,Unavailable,150
DIAMOND,I,19,,Unavailable,150
DIAMOND,I,22,,Unavailable,150
DIAMOND,I,23,,Unavailable,150
DIAMOND,I,24,,Unavailable,150
DIAMOND,I,25,,Unavailable,150
DIAMOND,I,26,,Unavailable,150
DIAMOND,I,27,,Unavailable,150
DIAMOND,I,28,,Unavailable,150
DIAMOND,I,29,,Unavailable,150
DIAMOND,J,1,1,Unavailable,150
DIAMOND,J,2,2,Unavailable,150
DIAMOND,J,3,3,Unavailable,150
DIAMOND,J,4,4,Unavailable,150
DIAMOND,J,5,5,Unavailable,150
DIAMOND,J,6,6,Unavailable,150
DIAMOND,J,7,7,Unavailable,150
DIAMOND,J,8,8,Unavailable,150
DIAMOND,J,11,9,Unavailable,150
DIAMOND,J,12,10,Unavailable,150
DIAMOND,J,13,11,Unavailable,150
DIAMOND,J,14,,Unavailable,150
DIAMOND,J,15,,Unavailable,150
DIAMOND,J,16,,Unavailable,150
DIAMOND,J,17,,Unavailable,150
DIAMOND,J,18,,Unavailable,150
DIAMOND,J,19,,Unavailable,150
DIAMOND,J,22,,Unavailable,150
DIAMOND,J,23,,Unavailable,150
DIAMOND,J,24,,Unavailable,150
DIAMOND,J,25,,Unavailable,150
DIAMOND,J,26,,Unavailable,150
DIAMOND,J,27,,Unavailable,150
DIAMOND,J,28,,Unavailable,150
DIAMOND,J,29,,Unavailable,150
GOLD,A,1,1,Available,100
GOLD,A,2,2,Unavailable,100
GOLD,A,3,3,Unavailable,100
GOLD,A,4,4,Unavailable,100
GOLD,A,5,5,Unavailable,100
GOLD,A,6,6,Available,100
GOLD,A,23,,Unavailable,100
GOLD,A,24,,Unavailable,100
GOLD,A,25,,Unavailable,100
GOLD,A,26,,Unavailable,100
GOLD,A,27,,Unavailable,100
GOLD,A,28,,Unavailable,100
GOLD,B,1,1,Available,100
GOLD,B,2,2,Available,100
GOLD,B,3,3,Available,100
GOLD,B,4,4,Unavailable,100
GOLD,B,5,5,Unavailable,100
GOLD,B,6,6,Unavailable,100
GOLD,B,7,7,Unavailable,100
GOLD,B,22,,Available,100
GOLD,B,23,,Available,100
GOLD,B,24,,Available,100
GOLD,B,25,,Available,100
GOLD,B,26,,Available,100
GOLD,B,27,,Available,100
GOLD,B,28,,Available,100
GOLD,C,1,,Available,100
GOLD,C,2,,Available,100
GOLD,C,3,,Available,100
GOLD,C,4,,Available,100
GOLD,C,5,,Available,100
GOLD,C,6,,Unavailable,100
GOLD,C,7,,Unavailable,100
GOLD,C,22,,Unavailable,100
GOLD,C,23,,Unavailable,100
GOLD,C,24,,Unavailable,100
GOLD,C,25,,Unavailable,100
GOLD,C,26,,Available,100
GOLD,C,27,,Available,100
GOLD,C,28,,Available,100
GOLD,D,1,,Available,100
GOLD,D,2,,Available,100
GOLD,D,3,,Available,100
GOLD,D,4,,Available,100
GOLD,D,5,,Available,100
GOLD,D,6,,Unavailable,100
GOLD,D,7,,Unavailable,100
GOLD,D,22,,Available,100
GOLD,D,23,,Available,100
GOLD,D,24,,Available,100
GOLD,D,25,,Available,100
GOLD,D,26,,Available,100
GOLD,D,27,,Available,100
GOLD,D,28,,Available,100
GOLD,E,1,,Unavailable,100
GOLD,E,2,,Unavailable,100
GOLD,E,3,,Unavailable,100
GOLD,E,4,,Unavailable,100
GOLD,E,5,,Unavailable,100
GOLD,E,6,,Unavailable,100
GOLD,E,7,,Unavailable,100
GOLD,E,10,,Unavailable,100
GOLD,E,11,,Unavailable,100
GOLD,E,12,,Unavailable,100
GOLD,E,13,,Unavailable,100
GOLD,E,14,,Unavailable,100
GOLD,E,15,,Unavailable,100
GOLD,E,16,,Unavailable,100
GOLD,E,17,,Unavailable,100
GOLD,E,18,,Unavailable,100
GOLD,E,19,,Unavailable,100
GOLD,E,22,,Unavailable,100
GOLD,E,23,,Available,100
GOLD,E,24,,Available,100
GOLD,E,25,,Available,100
GOLD,E,26,,Available,100
GOLD,E,27,,Available,100
GOLD,E,28,,Available,100
GOLD,F,1,,Available,100
GOLD,F,2,,Available,100
GOLD,F,3,,Available,100
GOLD,F,4,,Unavailable,100
GOLD,F,5,,Unavailable,100
GOLD,F,6,,Unavailable,100
GOLD,F,7,,Unavailable,100
GOLD,F,10,,Unavailable,100
GOLD,F,11,,Unavailable,100
GOLD,F,12,,Unavailable,100
GOLD,F,13,,Unavailable,100
GOLD,F,14,,Unavailable,100
GOLD,F,15,,Unavailable,100
GOLD,F,16,,Unavailable,100
GOLD,F,17,,Unavailable,100
GOLD,F,18,,Unavailable,100
GOLD,F,19,,Unavailable,100
GOLD,F,22,,Available,100
GOLD,F,23,,Available,100
GOLD,F,24,,Available,100
GOLD,F,25,,Available,100
GOLD,F,26,,Available,100
GOLD,F,27,,Available,100
GOLD,F,28,,Available,100
GOLD,G,1,,Available,100
GOLD,G,2,,Available,100
GOLD,G,3,,Available,100
GOLD,G,4,,Available,100
GOLD,G,5,,Available,100
GOLD,G,6,,Unavailable,100
GOLD,G,7,,Unavailable,100
GOLD,G,10,,Unavailable,100
GOLD,G,11,,Unavailable,100
GOLD,G,12,,Available,100
GOLD,G,13,,Unavailable,100
GOLD,G,14,,Unavailable,100
GOLD,G,15,,Unavailable,100
GOLD,G,16,,Unavailable,100
GOLD,G,17,,Unavailable,100
GOLD,G,18,,Unavailable,100
GOLD,G,19,,Unavailable,100
GOLD,G,22,,Unavailable,100
GOLD,G,23,,Available,100
GOLD,G,24,,Available,100
GOLD,G,25,,Available,100
GOLD,G,26,,Available,100
GOLD,G,27,,Available,100
GOLD,G,28,,Available,100
GOLD,H,1,,Available,100
GOLD,H,2,,Available,100
GOLD,H,3,,Available,100
GOLD,H,4,,Unavailable,100
GOLD,H,5,,Unavailable,100
GOLD,H,6,,Unavailable,100
GOLD,H,7,,Unavailable,100
GOLD,H,10,,Available,100
GOLD,H,11,,Unavailable,100
GOLD,H,12,,Unavailable,100
GOLD,H,13,,Available,100
GOLD,H,14,,Unavailable,100
GOLD,H,15,,Unavailable,100
GOLD,H,16,,Unavailable,100
GOLD,H,17,,Unavailable,100
GOLD,H,18,,Unavailable,100
GOLD,H,19,,Unavailable,100
GOLD,H,22,,Unavailable,100
GOLD,H,23,,Unavailable,100
GOLD,H,24,,Unavailable,100
GOLD,H,25,,Unavailable,100
GOLD,H,26,,Available,100
GOLD,H,27,,Available,100
GOLD,H,28,,Available,100
GOLD,I,1,,Available,100
GOLD,I,2,,Available,100
GOLD,I,3,,Available,100
GOLD,I,4,,Available,100
GOLD,I,5,,Available,100
GOLD,I,6,,Available,100
GOLD,I,7,,Unavailable,100
GOLD,I,10,,Unavailable,100
GOLD,I,11,,Unavailable,100
GOLD,I,12,,Unavailable,100
GOLD,I,13,,Unavailable,100
GOLD,I,14,,Unavailable,100
GOLD,I,15,,Unavailable,100
GOLD,I,16,,Unavailable,100
GOLD,I,17,,Unavailable,100
GOLD,I,18,,Unavailable,100
GOLD,I,19,,Unavailable,100
GOLD,I,22,,Unavailable,100
GOLD,I,23,,Unavailable,100
GOLD,I,24,,Unavailable,100
GOLD,I,25,,Unavailable,100
GOLD,I,26,,Available,100
GOLD,I,27,,Available,100
GOLD,I,28,,Available,100
GOLD,J,1,,Unavailable,100
GOLD,J,2,,Unavailable,100
GOLD,J,3,,Unavailable,100
GOLD,J,4,,Unavailable,100
GOLD,J,5,,Unavailable,100
GOLD,J,6,,Unavailable,100
GOLD,J,7,,Unavailable,100
GOLD,J,10,,Unavailable,100
GOLD,J,11,,Unavailable,100
GOLD,J,12,,Unavailable,100
GOLD,J,13,,Unavailable,100
GOLD,J,14,,Unavailable,100
GOLD,J,15,,Unavailable,100
GOLD,J,16,,Unavailable,100
GOLD,J,17,,Unavailable,100
GOLD,J,18,,Unavailable,100
GOLD,J,19,,Unavailable,100
GOLD,J,22,,Available,100
GOLD,J,23,,Available,100
GOLD,J,24,,Available,100
GOLD,J,25,,Available,100
GOLD,J,26,,Available,100
GOLD,J,27,,Available,100
GOLD,J,28,,Available,100
GOLD,K,1,,Unavailable,100
GOLD,K,2,,Unavailable,100
GOLD,K,3,,Unavailable,100
GOLD,K,4,,Unavailable,100
GOLD,K,5,,Unavailable,100
GOLD,K,6,,Unavailable,100
GOLD,K,7,,Unavailable,100
GOLD,K,10,,Unavailable,100
GOLD,K,11,,Unavailable,100
GOLD,K,12,,Unavailable,100
GOLD,K,13,,Unavailable,100
GOLD,K,14,,Unavailable,100
GOLD,K,15,,Unavailable,100
GOLD,K,16,,Unavailable,100
GOLD,K,17,,Unavailable,100
GOLD,K,18,,Unavailable,100
GOLD,K,19,,Unavailable,100
GOLD,K,22,,Unavailable,100
GOLD,K,23,,Unavailable,100
GOLD,K,24,,Unavailable,100
GOLD,K,25,,Unavailable,100
GOLD,K,26,,Unavailable,100
GOLD,K,27,,Unavailable,100
GOLD,K,28,,Unavailable,100
GOLD,L,1,,Unavailable,100
GOLD,L,2,,Unavailable,100
GOLD,L,3,,Unavailable,100
GOLD,L,4,,Unavailable,100
GOLD,L,5,,Unavailable,100
GOLD,L,6,,Unavailable,100
GOLD,L,7,,Unavailable,100
GOLD,L,10,,Unavailable,100
GOLD,L,11,,Unavailable,100
GOLD,L,12,,Unavailable,100
GOLD,L,13,,Unavailable,100
GOLD,L,14,,Unavailable,100
GOLD,L,15,,Unavailable,100
GOLD,L,16,,Unavailable,100
GOLD,L,17,,Unavailable,100
GOLD,L,18,,Unavailable,100
GOLD,L,19,,Unavailable,100
GOLD,L,22,,Unavailable,100
GOLD,L,23,,Unavailable,100
GOLD,L,24,,Unavailable,100
GOLD,L,25,,Unavailable,100
GOLD,L,26,,Unavailable,100
GOLD,L,27,,Unavailable,100
GOLD,L,28,,Unavailable,100
GOLD,M,1,,Unavailable,100
GOLD,M,2,,Unavailable,100
GOLD,M,3,,Unavailable,100
GOLD,M,4,,Unavailable,100
GOLD,M,5,,Unavailable,100
GOLD,M,6,,Unavailable,100
GOLD,M,7,,Unavailable,100
GOLD,M,10,,Unavailable,100
GOLD,M,11,,Unavailable,100
GOLD,M,12,,Unavailable,100
GOLD,M,13,,Unavailable,100
GOLD,M,14,,Unavailable,100
GOLD,M,15,,Unavailable,100
GOLD,M,16,,Unavailable,100
GOLD,M,17,,Unavailable,100
GOLD,M,18,,Unavailable,100
GOLD,M,19,,Unavailable,100
GOLD,M,22,,Unavailable,100
GOLD,M,23,,Unavailable,100
GOLD,M,24,,Unavailable,100
GOLD,M,25,,Unavailable,100
GOLD,M,26,,Unavailable,100
GOLD,M,27,,Unavailable,100
GOLD,M,28,,Unavailable,100
GOLD,N,1,,Unavailable,100
GOLD,N,2,,Unavailable,100
GOLD,N,3,,Unavailable,100
GOLD,N,4,,Unavailable,100
GOLD,N,5,,Unavailable,100
GOLD,N,6,,Unavailable,100
GOLD,N,7,,Unavailable,100
GOLD,N,10,,Unavailable,100
GOLD,N,11,,Unavailable,100
GOLD,N,12,,Unavailable,100
GOLD,N,13,,Unavailable,100
GOLD,N,14,,Unavailable,100
GOLD,N,15,,Unavailable,100
GOLD,N,16,,Unavailable,100
GOLD,N,17,,Unavailable,100
GOLD,N,18,,Unavailable,100
GOLD,N,19,,Unavailable,100
GOLD,N,22,,Unavailable,100
GOLD,N,23,,Unavailable,100
GOLD,N,24,,Unavailable,100
GOLD,N,25,,Unavailable,100
GOLD,N,26,,Unavailable,100
GOLD,N,27,,Unavailable,100
GOLD,N,28,,Unavailable,100
GOLD,O,1,,Unavailable,100
GOLD,O,2,,Unavailable,100
GOLD,O,3,,Unavailable,100
GOLD,O,4,,Unavailable,100
GOLD,O,5,,Unavailable,100
GOLD,O,6,,Unavailable,100
GOLD,O,7,,Unavailable,100
GOLD,O,10,,Unavailable,100
GOLD,O,11,,Unavailable,100
GOLD,O,12,,Unavailable,100
GOLD,O,13,,Unavailable,100
GOLD,O,14,,Unavailable,100
GOLD,O,15,,Unavailable,100
GOLD,O,16,,Unavailable,100
GOLD,O,17,,Unavailable,100
GOLD,O,18,,Unavailable,100
GOLD,O,19,,Unavailable,100
GOLD,O,22,,Unavailable,100
GOLD,O,23,,Unavailable,100
GOLD,O,24,,Unavailable,100
GOLD,O,25,,Unavailable,100
GOLD,O,26,,Unavailable,100
GOLD,O,27,,Unavailable,100
GOLD,O,28,,Unavailable,100
SILVER,A,1,,Available,100
SILVER,A,2,,Available,100
SILVER,A,3,,Available,100
SILVER,A,4,,Available,100
SILVER,A,5,,Available,100
SILVER,A,6,,Available,100
SILVER,A,7,,Available,100
SILVER,A,8,,Available,100
SILVER,A,9,,Unavailable,100
SILVER,A,10,,Available,100
SILVER,A,11,,Available,100
SILVER,A,12,,Available,100
SILVER,A,13,,Available,100
SILVER,A,14,,Available,100
SILVER,A,15,,Available,100
SILVER,A,16,,Available,100
SILVER,A,17,,Available,100
SILVER,A,18,,Available,100
SILVER,A,19,,Available,100
SILVER,A,20,,Available,100
SILVER,A,21,,Available,100
SILVER,A,22,,Available,100
SILVER,A,23,,Available,100
SILVER,A,24,,Available,100
SILVER,A,25,,Available,100
SILVER,A,26,,Available,100
SILVER,A,27,,Available,100
SILVER,A,28,,Available,100
SILVER,A,29,,Available,100
SILVER,A,30,,Available,100
SILVER,B,1,,Unavailable,100
SILVER,B,2,,Unavailable,100
SILVER,B,3,,Unavailable,100
SILVER,B,4,,Unavailable,100
SILVER,B,5,,Unavailable,100
SILVER,B,6,,Unavailable,100
SILVER,B,7,,Unavailable,100
SILVER,B,8,,Unavailable,100
SILVER,B,11,,Unavailable,100
SILVER,B,12,,Unavailable,100
SILVER,B,13,,Available,100
SILVER,B,14,,Available,100
SILVER,B,15,,Available,100
SILVER,B,16,,Available,100
SILVER,B,17,,Available,100
SILVER,B,18,,Available,100
SILVER,B,19,,Available,100
SILVER,B,20,,Available,100
SILVER,B,23,,Available,100
SILVER,B,24,,Available,100
SILVER,B,25,,Available,100
SILVER,B,26,,Available,100
SILVER,B,27,,Available,100
SILVER,B,28,,Available,100
SILVER,B,29,,Available,100
SILVER,B,30,,Available,100
SILVER,C,1,,Available,100
SILVER,C,2,,Available,100
SILVER,C,3,,Available,100
SILVER,C,4,,Available,100
SILVER,C,5,,Available,100
SILVER,C,6,,Available,100
SILVER,C,7,,Available,100
SILVER,C,8,,Available,100
SILVER,C,11,,Available,100
SILVER,C,12,,Available,100
SILVER,C,13,,Available,100
SILVER,C,14,,Available,100
SILVER,C,15,,Available,100
SILVER,C,16,,Available,100
SILVER,C,17,,Available,100
SILVER,C,18,,Available,100
SILVER,C,19,,Available,100
SILVER,C,20,,Available,100
SILVER,C,23,,Available,100
SILVER,C,24,,Available,100
SILVER,C,25,,Available,100
SILVER,C,26,,Available,100
SILVER,C,27,,Available,100
SILVER,C,28,,Available,100
SILVER,C,29,,Available,100
SILVER,C,30,,Available,100
SILVER,D,1,,Available,100
SILVER,D,2,,Available,100
SILVER,D,3,,Available,100
SILVER,D,4,,Available,100
SILVER,D,5,,Available,100
SILVER,D,6,,Available,100
SILVER,D,7,,Available,100
SILVER,D,8,,Available,100
SILVER,D,11,,Available,100
SILVER,D,12,,Available,100
SILVER,D,13,,Available,100
SILVER,D,14,,Available,100
SILVER,D,15,,Available,100
SILVER,D,16,,Available,100
SILVER,D,17,,Available,100
SILVER,D,18,,Available,100
SILVER,D,19,,Available,100
SILVER,D,20,,Available,100
SILVER,D,23,,Available,100
SILVER,D,24,,Available,100
SILVER,D,25,,Available,100
SILVER,D,26,,Available,100
SILVER,D,27,,Available,100
SILVER,D,28,,Available,100
SILVER,D,29,,Available,100
SILVER,D,30,,Available,100
SILVER,E,1,,Available,100
SILVER,E,2,,Available,100
SILVER,E,3,,Available,100
SILVER,E,4,,Available,100
SILVER,E,5,,Available,100
SILVER,E,6,,Available,100
SILVER,E,7,,Available,100
SILVER,E,8,,Available,100
SILVER,E,11,,Available,100
SILVER,E,12,,Available,100
SILVER,E,13,,Available,100
SILVER,E,14,,Available,100
SILVER,E,15,,Available,100
SILVER,E,16,,Available,100
SILVER,E,17,,Available,100
SILVER,E,18,,Available,100
SILVER,E,19,,Available,100
SILVER,E,20,,Available,100
SILVER,E,23,,Available,100
SILVER,E,24,,Available,100
SILVER,E,25,,Available,100
SILVER,E,26,,Available,100
SILVER,E,27,,Available,100
SILVER,E,28,,Available,100
SILVER,E,29,,Available,100
SILVER,E,30,,Available,100
SILVER,F,2,,Available,100
SILVER,F,3,,Available,100
SILVER,F,4,,Available,100
SILVER,F,5,,Available,100
SILVER,F,6,,Available,100
SILVER,F,7,,Available,100
SILVER,F,8,,Available,100
SILVER,F,11,,Available,100
SILVER,F,12,,Available,100
SILVER,F,13,,Available,100
SILVER,F,14,,Available,100
SILVER,F,15,,Available,100
SILVER,F,16,,Available,100
SILVER,F,17,,Available,100
SILVER,F,18,,Available,100
SILVER,F,19,,Available,100
SILVER,F,20,,Available,100
SILVER,F,23,,Available,100
SILVER,F,24,,Available,100
SILVER,F,25,,Available,100
SILVER,F,26,,Available,100
SILVER,F,27,,Available,100
SILVER,F,28,,Available,100
SILVER,F,29,,Available,100
